framework,strategy,check_mode,latency_ms,run_number,status,duration_ms,request_ms,started_at,browser,headed,sync_setting,error
selenium,implicit_wait,strict,0,1,PASS,481,2,2026-10-09T05:57:46.690Z,chrome 154.0.8037.99,true,implicit wait 5000 ms,
selenium,implicit_wait,strict,0,2,PASS,406,3,2026-10-09T05:57:47.181Z,chrome 154.0.8037.99,true,implicit wait 5000 ms,
selenium,implicit_wait,strict,0,3,PASS,401,4,2026-10-09T05:57:47.593Z,chrome 154.0.8037.99,true,implicit wait 5000 ms,
selenium,implicit_wait,strict,0,4,PASS,404,4,2026-10-09T05:57:47.999Z,chrome 154.0.8037.99,true,implicit wait 5000 ms,
selenium,implicit_wait,strict,0,5,PASS,404,3,2026-10-09T05:57:48.419Z,chrome 154.0.8037.99,true,implicit wait 5000 ms,
selenium,implicit_wait,strict,0,6,PASS,404,6,2026-10-09T05:57:48.829Z,chrome 154.0.8037.99,true,implicit wait 5000 ms,
selenium,implicit_wait,strict,0,7,PASS,391,4,2026-10-09T05:57:49.240Z,chrome 154.0.8037.99,true,implicit wait 5000 ms,
selenium,implicit_wait,strict,0,8,PASS,436,2,2026-10-09T05:57:49.635Z,chrome 154.0.8037.99,true,implicit wait 5000 ms,
selenium,implicit_wait,strict,0,9,PASS,403,3,2026-10-09T05:57:50.078Z,chrome 154.0.8037.99,true,implicit wait 5000 ms,
selenium,implicit_wait,strict,0,10,PASS,421,6,2026-10-09T05:57:50.490Z,chrome 154.0.8037.99,true,implicit wait 5000 ms,
selenium,explicit_wait,strict,0,1,PASS,604,2,2026-10-09T05:57:51.739Z,chrome 154.0.8037.99,true,WebDriverWait 10000 ms,
selenium,explicit_wait,strict,0,2,PASS,535,4,2026-10-09T05:57:52.351Z,chrome 154.0.8037.99,true,WebDriverWait 10000 ms,
selenium,explicit_wait,strict,0,3,PASS,526,4,2026-10-09T05:57:52.891Z,chrome 154.0.8037.99,true,WebDriverWait 10000 ms,
selenium,explicit_wait,strict,0,4,PASS,536,4,2026-10-09T05:57:53.430Z,chrome 154.0.8037.99,true,WebDriverWait 10000 ms,
selenium,explicit_wait,strict,0,5,PASS,523,4,2026-10-09T05:57:53.972Z,chrome 154.0.8037.99,true,WebDriverWait 10000 ms,
selenium,explicit_wait,strict,0,6,PASS,519,3,2026-10-09T05:57:54.502Z,chrome 154.0.8037.99,true,WebDriverWait 10000 ms,
selenium,explicit_wait,strict,0,7,PASS,515,4,2026-10-09T05:57:55.027Z,chrome 154.0.8037.99,true,WebDriverWait 10000 ms,
selenium,explicit_wait,strict,0,8,PASS,525,3,2026-10-09T05:57:55.548Z,chrome 154.0.8037.99,true,WebDriverWait 10000 ms,
selenium,explicit_wait,strict,0,9,PASS,554,5,2026-10-09T05:57:56.079Z,chrome 154.0.8037.99,true,WebDriverWait 10000 ms,
selenium,explicit_wait,strict,0,10,PASS,538,3,2026-10-09T05:57:56.642Z,chrome 154.0.8037.99,true,WebDriverWait 10000 ms,
cypress,explicit_wait,strict,0,1,PASS,1324,40,2026-10-09T05:58:08.106Z,chrome 154.0.8037.99,true,cy.wait(1000),
cypress,explicit_wait,strict,0,2,PASS,1146,25,2026-10-09T05:58:09.547Z,chrome 154.0.8037.99,true,cy.wait(1000),
cypress,explicit_wait,strict,0,3,PASS,1199,14,2026-10-09T05:58:10.752Z,chrome 154.0.8037.99,true,cy.wait(1000),
cypress,explicit_wait,strict,0,4,PASS,1167,17,2026-10-09T05:58:12.007Z,chrome 154.0.8037.99,true,cy.wait(1000),
cypress,explicit_wait,strict,0,5,PASS,1139,13,2026-10-09T05:58:13.240Z,chrome 154.0.8037.99,true,cy.wait(1000),
cypress,explicit_wait,strict,0,6,PASS,1160,23,2026-10-09T05:58:14.440Z,chrome 154.0.8037.99,true,cy.wait(1000),
cypress,explicit_wait,strict,0,7,PASS,1143,21,2026-10-09T05:58:15.649Z,chrome 154.0.8037.99,true,cy.wait(1000),
cypress,explicit_wait,strict,0,8,PASS,1138,14,2026-10-09T05:58:16.869Z,chrome 154.0.8037.99,true,cy.wait(1000),
cypress,explicit_wait,strict,0,9,PASS,1162,16,2026-10-09T05:58:18.072Z,chrome 154.0.8037.99,true,cy.wait(1000),
cypress,explicit_wait,strict,0,10,PASS,1133,19,2026-10-09T05:58:19.286Z,chrome 154.0.8037.99,true,cy.wait(1000),
cypress,network_wait,strict,0,1,FAIL,404,,2026-10-09T05:58:31.741Z,chrome 154.0.8037.99,true,cy.wait('@listLibrary') ≤10000 ms,Timed out retrying after 0ms: Expected to find content: 'Java Programming' within the selector: 'main *' but never did.
cypress,network_wait,strict,0,2,FAIL,184,,2026-10-09T05:58:32.292Z,chrome 154.0.8037.99,true,cy.wait('@listLibrary') ≤10000 ms,Timed out retrying after 0ms: Expected to find content: 'Java Programming' within the selector: 'main *' but never did.
cypress,network_wait,strict,0,3,FAIL,278,60,2026-10-09T05:58:32.542Z,chrome 154.0.8037.99,true,cy.wait('@listLibrary') ≤10000 ms,Timed out retrying after 0ms: Expected to find content: 'Java Programming' within the selector: 'main *' but never did.
cypress,network_wait,strict,0,4,FAIL,220,47,2026-10-09T05:58:32.891Z,chrome 154.0.8037.99,true,cy.wait('@listLibrary') ≤10000 ms,Timed out retrying after 0ms: Expected to find content: 'Java Programming' within the selector: 'main *' but never did.
cypress,network_wait,strict,0,5,FAIL,206,,2026-10-09T05:58:33.175Z,chrome 154.0.8037.99,true,cy.wait('@listLibrary') ≤10000 ms,Timed out retrying after 0ms: Expected to find content: 'Java Programming' within the selector: 'main *' but never did.
cypress,network_wait,strict,0,6,FAIL,215,,2026-10-09T05:58:33.449Z,chrome 154.0.8037.99,true,cy.wait('@listLibrary') ≤10000 ms,Timed out retrying after 0ms: Expected to find content: 'Java Programming' within the selector: 'main *' but never did.
cypress,network_wait,strict,0,7,FAIL,165,28,2026-10-09T05:58:33.751Z,chrome 154.0.8037.99,true,cy.wait('@listLibrary') ≤10000 ms,Timed out retrying after 0ms: Expected to find content: 'Java Programming' within the selector: 'main *' but never did.
cypress,network_wait,strict,0,8,FAIL,212,19,2026-10-09T05:58:33.998Z,chrome 154.0.8037.99,true,cy.wait('@listLibrary') ≤10000 ms,Timed out retrying after 0ms: Expected to find content: 'Java Programming' within the selector: 'main *' but never did.
cypress,network_wait,strict,0,9,FAIL,237,31,2026-10-09T05:58:34.290Z,chrome 154.0.8037.99,true,cy.wait('@listLibrary') ≤10000 ms,Timed out retrying after 0ms: Expected to find content: 'Java Programming' within the selector: 'main *' but never did.
cypress,network_wait,strict,0,10,FAIL,232,,2026-10-09T05:58:34.606Z,chrome 154.0.8037.99,true,cy.wait('@listLibrary') ≤10000 ms,Timed out retrying after 0ms: Expected to find content: 'Java Programming' within the selector: 'main *' but never did.
cypress,explicit_wait,retry,0,1,PASS,1325,14,2026-10-09T05:58:45.970Z,chrome 154.0.8037.99,true,cy.wait(1000) + 4000 ms assertion retry,
cypress,explicit_wait,retry,0,2,PASS,1157,16,2026-10-09T05:58:47.414Z,chrome 154.0.8037.99,true,cy.wait(1000) + 4000 ms assertion retry,
cypress,explicit_wait,retry,0,3,PASS,1204,22,2026-10-09T05:58:48.649Z,chrome 154.0.8037.99,true,cy.wait(1000) + 4000 ms assertion retry,
cypress,explicit_wait,retry,0,4,PASS,1124,12,2026-10-09T05:58:49.917Z,chrome 154.0.8037.99,true,cy.wait(1000) + 4000 ms assertion retry,
cypress,explicit_wait,retry,0,5,PASS,1122,13,2026-10-09T05:58:51.111Z,chrome 154.0.8037.99,true,cy.wait(1000) + 4000 ms assertion retry,
cypress,explicit_wait,retry,0,6,PASS,1138,21,2026-10-09T05:58:52.300Z,chrome 154.0.8037.99,true,cy.wait(1000) + 4000 ms assertion retry,
cypress,explicit_wait,retry,0,7,PASS,1144,19,2026-10-09T05:58:53.512Z,chrome 154.0.8037.99,true,cy.wait(1000) + 4000 ms assertion retry,
cypress,explicit_wait,retry,0,8,PASS,1113,13,2026-10-09T05:58:54.746Z,chrome 154.0.8037.99,true,cy.wait(1000) + 4000 ms assertion retry,
cypress,explicit_wait,retry,0,9,PASS,1177,20,2026-10-09T05:58:55.917Z,chrome 154.0.8037.99,true,cy.wait(1000) + 4000 ms assertion retry,
cypress,explicit_wait,retry,0,10,PASS,1162,25,2026-10-09T05:58:57.155Z,chrome 154.0.8037.99,true,cy.wait(1000) + 4000 ms assertion retry,
cypress,network_wait,retry,0,1,PASS,719,49,2026-10-09T05:59:09.500Z,chrome 154.0.8037.99,true,cy.wait('@listLibrary') + 4000 ms assertion retry,
cypress,network_wait,retry,0,2,PASS,499,48,2026-10-09T05:59:10.284Z,chrome 154.0.8037.99,true,cy.wait('@listLibrary') + 4000 ms assertion retry,
cypress,network_wait,retry,0,3,PASS,510,26,2026-10-09T05:59:10.861Z,chrome 154.0.8037.99,true,cy.wait('@listLibrary') + 4000 ms assertion retry,
cypress,network_wait,retry,0,4,PASS,456,28,2026-10-09T05:59:11.432Z,chrome 154.0.8037.99,true,cy.wait('@listLibrary') + 4000 ms assertion retry,
cypress,network_wait,retry,0,5,PASS,457,30,2026-10-09T05:59:11.939Z,chrome 154.0.8037.99,true,cy.wait('@listLibrary') + 4000 ms assertion retry,
cypress,network_wait,retry,0,6,PASS,452,30,2026-10-09T05:59:12.459Z,chrome 154.0.8037.99,true,cy.wait('@listLibrary') + 4000 ms assertion retry,
cypress,network_wait,retry,0,7,PASS,438,21,2026-10-09T05:59:13.032Z,chrome 154.0.8037.99,true,cy.wait('@listLibrary') + 4000 ms assertion retry,
cypress,network_wait,retry,0,8,PASS,455,42,2026-10-09T05:59:13.539Z,chrome 154.0.8037.99,true,cy.wait('@listLibrary') + 4000 ms assertion retry,
cypress,network_wait,retry,0,9,PASS,481,21,2026-10-09T05:59:14.049Z,chrome 154.0.8037.99,true,cy.wait('@listLibrary') + 4000 ms assertion retry,
cypress,network_wait,retry,0,10,PASS,490,49,2026-10-09T05:59:14.591Z,chrome 154.0.8037.99,true,cy.wait('@listLibrary') + 4000 ms assertion retry,
selenium,implicit_wait,strict,500,1,PASS,702,515,2026-10-09T05:59:16.067Z,chrome 154.0.8037.99,true,implicit wait 5000 ms,
selenium,implicit_wait,strict,500,2,PASS,606,507,2026-10-09T05:59:16.775Z,chrome 154.0.8037.99,true,implicit wait 5000 ms,
selenium,implicit_wait,strict,500,3,PASS,603,507,2026-10-09T05:59:17.388Z,chrome 154.0.8037.99,true,implicit wait 5000 ms,
selenium,implicit_wait,strict,500,4,PASS,625,514,2026-10-09T05:59:17.998Z,chrome 154.0.8037.99,true,implicit wait 5000 ms,
selenium,implicit_wait,strict,500,5,PASS,611,509,2026-10-09T05:59:18.632Z,chrome 154.0.8037.99,true,implicit wait 5000 ms,
selenium,implicit_wait,strict,500,6,PASS,591,503,2026-10-09T05:59:19.249Z,chrome 154.0.8037.99,true,implicit wait 5000 ms,
selenium,implicit_wait,strict,500,7,PASS,603,504,2026-10-09T05:59:19.845Z,chrome 154.0.8037.99,true,implicit wait 5000 ms,
selenium,implicit_wait,strict,500,8,PASS,628,526,2026-10-09T05:59:20.456Z,chrome 154.0.8037.99,true,implicit wait 5000 ms,
selenium,implicit_wait,strict,500,9,PASS,620,514,2026-10-09T05:59:21.096Z,chrome 154.0.8037.99,true,implicit wait 5000 ms,
selenium,implicit_wait,strict,500,10,PASS,630,519,2026-10-09T05:59:21.725Z,chrome 154.0.8037.99,true,implicit wait 5000 ms,
selenium,explicit_wait,strict,500,1,PASS,835,508,2026-10-09T05:59:23.171Z,chrome 154.0.8037.99,true,WebDriverWait 10000 ms,
selenium,explicit_wait,strict,500,2,PASS,743,514,2026-10-09T05:59:24.019Z,chrome 154.0.8037.99,true,WebDriverWait 10000 ms,
selenium,explicit_wait,strict,500,3,PASS,727,512,2026-10-09T05:59:24.769Z,chrome 154.0.8037.99,true,WebDriverWait 10000 ms,
selenium,explicit_wait,strict,500,4,PASS,732,519,2026-10-09T05:59:25.501Z,chrome 154.0.8037.99,true,WebDriverWait 10000 ms,
selenium,explicit_wait,strict,500,5,PASS,723,508,2026-10-09T05:59:26.239Z,chrome 154.0.8037.99,true,WebDriverWait 10000 ms,
selenium,explicit_wait,strict,500,6,PASS,715,510,2026-10-09T05:59:26.966Z,chrome 154.0.8037.99,true,WebDriverWait 10000 ms,
selenium,explicit_wait,strict,500,7,PASS,740,518,2026-10-09T05:59:27.685Z,chrome 154.0.8037.99,true,WebDriverWait 10000 ms,
selenium,explicit_wait,strict,500,8,PASS,745,518,2026-10-09T05:59:28.431Z,chrome 154.0.8037.99,true,WebDriverWait 10000 ms,
selenium,explicit_wait,strict,500,9,PASS,724,503,2026-10-09T05:59:29.188Z,chrome 154.0.8037.99,true,WebDriverWait 10000 ms,
selenium,explicit_wait,strict,500,10,PASS,738,521,2026-10-09T05:59:29.918Z,chrome 154.0.8037.99,true,WebDriverWait 10000 ms,
cypress,explicit_wait,strict,500,1,PASS,1308,535,2026-10-09T05:59:41.246Z,chrome 154.0.8037.99,true,cy.wait(1000),
cypress,explicit_wait,strict,500,2,PASS,1106,514,2026-10-09T05:59:42.668Z,chrome 154.0.8037.99,true,cy.wait(1000),
cypress,explicit_wait,strict,500,3,PASS,1150,537,2026-10-09T05:59:43.833Z,chrome 154.0.8037.99,true,cy.wait(1000),
cypress,explicit_wait,strict,500,4,PASS,1133,520,2026-10-09T05:59:45.041Z,chrome 154.0.8037.99,true,cy.wait(1000),
cypress,explicit_wait,strict,500,5,PASS,1135,519,2026-10-09T05:59:46.285Z,chrome 154.0.8037.99,true,cy.wait(1000),
cypress,explicit_wait,strict,500,6,PASS,1144,517,2026-10-09T05:59:47.489Z,chrome 154.0.8037.99,true,cy.wait(1000),
cypress,explicit_wait,strict,500,7,PASS,1136,527,2026-10-09T05:59:48.681Z,chrome 154.0.8037.99,true,cy.wait(1000),
cypress,explicit_wait,strict,500,8,PASS,1114,514,2026-10-09T05:59:49.894Z,chrome 154.0.8037.99,true,cy.wait(1000),
cypress,explicit_wait,strict,500,9,PASS,1192,514,2026-10-09T05:59:51.072Z,chrome 154.0.8037.99,true,cy.wait(1000),
cypress,explicit_wait,strict,500,10,PASS,1113,523,2026-10-09T05:59:52.307Z,chrome 154.0.8037.99,true,cy.wait(1000),
cypress,network_wait,strict,500,1,PASS,929,547,2026-10-09T06:00:03.958Z,chrome 154.0.8037.99,true,cy.wait('@listLibrary') ≤10000 ms,
cypress,network_wait,strict,500,2,FAIL,773,548,2026-10-09T06:00:04.943Z,chrome 154.0.8037.99,true,cy.wait('@listLibrary') ≤10000 ms,Timed out retrying after 0ms: Expected to find content: 'Java Programming' within the selector: 'main *' but never did.
cypress,network_wait,strict,500,3,PASS,681,534,2026-10-09T06:00:05.872Z,chrome 154.0.8037.99,true,cy.wait('@listLibrary') ≤10000 ms,
cypress,network_wait,strict,500,4,FAIL,730,531,2026-10-09T06:00:06.609Z,chrome 154.0.8037.99,true,cy.wait('@listLibrary') ≤10000 ms,Timed out retrying after 0ms: Expected to find content: 'Java Programming' within the selector: 'main *' but never did.
cypress,network_wait,strict,500,5,PASS,671,521,2026-10-09T06:00:07.432Z,chrome 154.0.8037.99,true,cy.wait('@listLibrary') ≤10000 ms,
cypress,network_wait,strict,500,6,PASS,761,562,2026-10-09T06:00:08.155Z,chrome 154.0.8037.99,true,cy.wait('@listLibrary') ≤10000 ms,
cypress,network_wait,strict,500,7,PASS,723,539,2026-10-09T06:00:08.963Z,chrome 154.0.8037.99,true,cy.wait('@listLibrary') ≤10000 ms,
cypress,network_wait,strict,500,8,PASS,681,529,2026-10-09T06:00:09.754Z,chrome 154.0.8037.99,true,cy.wait('@listLibrary') ≤10000 ms,
cypress,network_wait,strict,500,9,PASS,689,523,2026-10-09T06:00:10.497Z,chrome 154.0.8037.99,true,cy.wait('@listLibrary') ≤10000 ms,
cypress,network_wait,strict,500,10,PASS,675,524,2026-10-09T06:00:11.239Z,chrome 154.0.8037.99,true,cy.wait('@listLibrary') ≤10000 ms,
cypress,explicit_wait,retry,500,1,PASS,1337,532,2026-10-09T06:00:22.207Z,chrome 154.0.8037.99,true,cy.wait(1000) + 4000 ms assertion retry,
cypress,explicit_wait,retry,500,2,PASS,1169,522,2026-10-09T06:00:23.673Z,chrome 154.0.8037.99,true,cy.wait(1000) + 4000 ms assertion retry,
cypress,explicit_wait,retry,500,3,PASS,1131,530,2026-10-09T06:00:24.903Z,chrome 154.0.8037.99,true,cy.wait(1000) + 4000 ms assertion retry,
cypress,explicit_wait,retry,500,4,PASS,1119,515,2026-10-09T06:00:26.100Z,chrome 154.0.8037.99,true,cy.wait(1000) + 4000 ms assertion retry,
cypress,explicit_wait,retry,500,5,PASS,1181,528,2026-10-09T06:00:27.273Z,chrome 154.0.8037.99,true,cy.wait(1000) + 4000 ms assertion retry,
cypress,explicit_wait,retry,500,6,PASS,1144,521,2026-10-09T06:00:28.519Z,chrome 154.0.8037.99,true,cy.wait(1000) + 4000 ms assertion retry,
cypress,explicit_wait,retry,500,7,PASS,1132,530,2026-10-09T06:00:29.707Z,chrome 154.0.8037.99,true,cy.wait(1000) + 4000 ms assertion retry,
cypress,explicit_wait,retry,500,8,PASS,1104,515,2026-10-09T06:00:30.907Z,chrome 154.0.8037.99,true,cy.wait(1000) + 4000 ms assertion retry,
cypress,explicit_wait,retry,500,9,PASS,1161,517,2026-10-09T06:00:32.053Z,chrome 154.0.8037.99,true,cy.wait(1000) + 4000 ms assertion retry,
cypress,explicit_wait,retry,500,10,PASS,1163,536,2026-10-09T06:00:33.269Z,chrome 154.0.8037.99,true,cy.wait(1000) + 4000 ms assertion retry,
cypress,network_wait,retry,500,1,PASS,904,533,2026-10-09T06:00:44.896Z,chrome 154.0.8037.99,true,cy.wait('@listLibrary') + 4000 ms assertion retry,
cypress,network_wait,retry,500,2,PASS,830,549,2026-10-09T06:00:45.856Z,chrome 154.0.8037.99,true,cy.wait('@listLibrary') + 4000 ms assertion retry,
cypress,network_wait,retry,500,3,PASS,676,529,2026-10-09T06:00:46.746Z,chrome 154.0.8037.99,true,cy.wait('@listLibrary') + 4000 ms assertion retry,
cypress,network_wait,retry,500,4,PASS,741,545,2026-10-09T06:00:47.490Z,chrome 154.0.8037.99,true,cy.wait('@listLibrary') + 4000 ms assertion retry,
cypress,network_wait,retry,500,5,PASS,736,532,2026-10-09T06:00:48.281Z,chrome 154.0.8037.99,true,cy.wait('@listLibrary') + 4000 ms assertion retry,
cypress,network_wait,retry,500,6,PASS,694,536,2026-10-09T06:00:49.057Z,chrome 154.0.8037.99,true,cy.wait('@listLibrary') + 4000 ms assertion retry,
cypress,network_wait,retry,500,7,PASS,712,540,2026-10-09T06:00:49.793Z,chrome 154.0.8037.99,true,cy.wait('@listLibrary') + 4000 ms assertion retry,
cypress,network_wait,retry,500,8,PASS,682,520,2026-10-09T06:00:50.563Z,chrome 154.0.8037.99,true,cy.wait('@listLibrary') + 4000 ms assertion retry,
cypress,network_wait,retry,500,9,PASS,714,528,2026-10-09T06:00:51.302Z,chrome 154.0.8037.99,true,cy.wait('@listLibrary') + 4000 ms assertion retry,
cypress,network_wait,retry,500,10,PASS,658,524,2026-10-09T06:00:52.056Z,chrome 154.0.8037.99,true,cy.wait('@listLibrary') + 4000 ms assertion retry,
selenium,implicit_wait,strict,1000,1,PASS,1199,1005,2026-10-09T06:00:53.753Z,chrome 154.0.8037.99,true,implicit wait 5000 ms,
selenium,implicit_wait,strict,1000,2,PASS,1094,1011,2026-10-09T06:00:54.957Z,chrome 154.0.8037.99,true,implicit wait 5000 ms,
selenium,implicit_wait,strict,1000,3,PASS,1126,1012,2026-10-09T06:00:56.057Z,chrome 154.0.8037.99,true,implicit wait 5000 ms,
selenium,implicit_wait,strict,1000,4,PASS,1134,1003,2026-10-09T06:00:57.193Z,chrome 154.0.8037.99,true,implicit wait 5000 ms,
selenium,implicit_wait,strict,1000,5,PASS,1083,1014,2026-10-09T06:00:58.333Z,chrome 154.0.8037.99,true,implicit wait 5000 ms,
selenium,implicit_wait,strict,1000,6,PASS,1129,1007,2026-10-09T06:00:59.420Z,chrome 154.0.8037.99,true,implicit wait 5000 ms,
selenium,implicit_wait,strict,1000,7,PASS,1108,1006,2026-10-09T06:01:00.557Z,chrome 154.0.8037.99,true,implicit wait 5000 ms,
selenium,implicit_wait,strict,1000,8,PASS,1130,1004,2026-10-09T06:01:01.674Z,chrome 154.0.8037.99,true,implicit wait 5000 ms,
selenium,implicit_wait,strict,1000,9,PASS,1101,1005,2026-10-09T06:01:02.812Z,chrome 154.0.8037.99,true,implicit wait 5000 ms,
selenium,implicit_wait,strict,1000,10,PASS,1123,1020,2026-10-09T06:01:03.922Z,chrome 154.0.8037.99,true,implicit wait 5000 ms,
selenium,explicit_wait,strict,1000,1,PASS,1220,1007,2026-10-09T06:01:05.801Z,chrome 154.0.8037.99,true,WebDriverWait 10000 ms,
selenium,explicit_wait,strict,1000,2,PASS,1165,1008,2026-10-09T06:01:07.026Z,chrome 154.0.8037.99,true,WebDriverWait 10000 ms,
selenium,explicit_wait,strict,1000,3,PASS,1175,1013,2026-10-09T06:01:08.196Z,chrome 154.0.8037.99,true,WebDriverWait 10000 ms,
selenium,explicit_wait,strict,1000,4,PASS,1170,1011,2026-10-09T06:01:09.385Z,chrome 154.0.8037.99,true,WebDriverWait 10000 ms,
selenium,explicit_wait,strict,1000,5,PASS,1189,1008,2026-10-09T06:01:10.570Z,chrome 154.0.8037.99,true,WebDriverWait 10000 ms,
selenium,explicit_wait,strict,1000,6,PASS,1180,1017,2026-10-09T06:01:11.764Z,chrome 154.0.8037.99,true,WebDriverWait 10000 ms,
selenium,explicit_wait,strict,1000,7,PASS,1172,1011,2026-10-09T06:01:12.951Z,chrome 154.0.8037.99,true,WebDriverWait 10000 ms,
selenium,explicit_wait,strict,1000,8,PASS,1179,1014,2026-10-09T06:01:14.135Z,chrome 154.0.8037.99,true,WebDriverWait 10000 ms,
selenium,explicit_wait,strict,1000,9,PASS,1185,1005,2026-10-09T06:01:15.325Z,chrome 154.0.8037.99,true,WebDriverWait 10000 ms,
selenium,explicit_wait,strict,1000,10,PASS,1177,1014,2026-10-09T06:01:16.518Z,chrome 154.0.8037.99,true,WebDriverWait 10000 ms,
cypress,explicit_wait,strict,1000,1,FAIL,1381,,2026-10-09T06:01:27.932Z,chrome 154.0.8037.99,true,cy.wait(1000),Timed out retrying after 0ms: Expected to find content: 'Java Programming' within the selector: 'main *' but never did.
cypress,explicit_wait,strict,1000,2,FAIL,1167,,2026-10-09T06:01:29.394Z,chrome 154.0.8037.99,true,cy.wait(1000),Timed out retrying after 0ms: Expected to find content: 'Java Programming' within the selector: 'main *' but never did.
cypress,explicit_wait,strict,1000,3,FAIL,1146,,2026-10-09T06:01:30.644Z,chrome 154.0.8037.99,true,cy.wait(1000),Timed out retrying after 0ms: Expected to find content: 'Java Programming' within the selector: 'main *' but never did.
cypress,explicit_wait,strict,1000,4,FAIL,1144,,2026-10-09T06:01:31.864Z,chrome 154.0.8037.99,true,cy.wait(1000),Timed out retrying after 0ms: Expected to find content: 'Java Programming' within the selector: 'main *' but never did.
cypress,explicit_wait,strict,1000,5,FAIL,1151,,2026-10-09T06:01:33.121Z,chrome 154.0.8037.99,true,cy.wait(1000),Timed out retrying after 0ms: Expected to find content: 'Java Programming' within the selector: 'main *' but never did.
cypress,explicit_wait,strict,1000,6,FAIL,1152,,2026-10-09T06:01:34.398Z,chrome 154.0.8037.99,true,cy.wait(1000),Timed out retrying after 0ms: Expected to find content: 'Java Programming' within the selector: 'main *' but never did.
cypress,explicit_wait,strict,1000,7,FAIL,1160,,2026-10-09T06:01:35.639Z,chrome 154.0.8037.99,true,cy.wait(1000),Timed out retrying after 0ms: Expected to find content: 'Java Programming' within the selector: 'main *' but never did.
cypress,explicit_wait,strict,1000,8,FAIL,1143,,2026-10-09T06:01:36.889Z,chrome 154.0.8037.99,true,cy.wait(1000),Timed out retrying after 0ms: Expected to find content: 'Java Programming' within the selector: 'main *' but never did.
cypress,explicit_wait,strict,1000,9,FAIL,1224,,2026-10-09T06:01:38.141Z,chrome 154.0.8037.99,true,cy.wait(1000),Timed out retrying after 0ms: Expected to find content: 'Java Programming' within the selector: 'main *' but never did.
cypress,explicit_wait,strict,1000,10,FAIL,1139,,2026-10-09T06:01:39.461Z,chrome 154.0.8037.99,true,cy.wait(1000),Timed out retrying after 0ms: Expected to find content: 'Java Programming' within the selector: 'main *' but never did.
cypress,network_wait,strict,1000,1,PASS,1407,1050,2026-10-09T06:01:50.753Z,chrome 154.0.8037.99,true,cy.wait('@listLibrary') ≤10000 ms,
cypress,network_wait,strict,1000,2,PASS,1260,1041,2026-10-09T06:01:52.220Z,chrome 154.0.8037.99,true,cy.wait('@listLibrary') ≤10000 ms,
cypress,network_wait,strict,1000,3,PASS,1247,1057,2026-10-09T06:01:53.558Z,chrome 154.0.8037.99,true,cy.wait('@listLibrary') ≤10000 ms,
cypress,network_wait,strict,1000,4,PASS,1177,1031,2026-10-09T06:01:54.867Z,chrome 154.0.8037.99,true,cy.wait('@listLibrary') ≤10000 ms,
cypress,network_wait,strict,1000,5,PASS,1172,1026,2026-10-09T06:01:56.121Z,chrome 154.0.8037.99,true,cy.wait('@listLibrary') ≤10000 ms,
cypress,network_wait,strict,1000,6,PASS,1255,1051,2026-10-09T06:01:57.358Z,chrome 154.0.8037.99,true,cy.wait('@listLibrary') ≤10000 ms,
cypress,network_wait,strict,1000,7,PASS,1216,1030,2026-10-09T06:01:58.672Z,chrome 154.0.8037.99,true,cy.wait('@listLibrary') ≤10000 ms,
cypress,network_wait,strict,1000,8,PASS,1214,1028,2026-10-09T06:01:59.987Z,chrome 154.0.8037.99,true,cy.wait('@listLibrary') ≤10000 ms,
cypress,network_wait,strict,1000,9,FAIL,1185,1035,2026-10-09T06:02:01.286Z,chrome 154.0.8037.99,true,cy.wait('@listLibrary') ≤10000 ms,Timed out retrying after 0ms: Expected to find content: 'Java Programming' within the selector: 'main *' but never did.
cypress,network_wait,strict,1000,10,PASS,1157,1025,2026-10-09T06:02:02.546Z,chrome 154.0.8037.99,true,cy.wait('@listLibrary') ≤10000 ms,
cypress,explicit_wait,retry,1000,1,PASS,1404,1033,2026-10-09T06:02:14.304Z,chrome 154.0.8037.99,true,cy.wait(1000) + 4000 ms assertion retry,
cypress,explicit_wait,retry,1000,2,PASS,1208,1030,2026-10-09T06:02:15.764Z,chrome 154.0.8037.99,true,cy.wait(1000) + 4000 ms assertion retry,
cypress,explicit_wait,retry,1000,3,PASS,1197,1016,2026-10-09T06:02:17.039Z,chrome 154.0.8037.99,true,cy.wait(1000) + 4000 ms assertion retry,
cypress,explicit_wait,retry,1000,4,PASS,1189,1030,2026-10-09T06:02:18.296Z,chrome 154.0.8037.99,true,cy.wait(1000) + 4000 ms assertion retry,
cypress,explicit_wait,retry,1000,5,PASS,1152,1013,2026-10-09T06:02:19.545Z,chrome 154.0.8037.99,true,cy.wait(1000) + 4000 ms assertion retry,
cypress,explicit_wait,retry,1000,6,PASS,1183,1023,2026-10-09T06:02:20.754Z,chrome 154.0.8037.99,true,cy.wait(1000) + 4000 ms assertion retry,
cypress,explicit_wait,retry,1000,7,PASS,1170,1034,2026-10-09T06:02:21.985Z,chrome 154.0.8037.99,true,cy.wait(1000) + 4000 ms assertion retry,
cypress,explicit_wait,retry,1000,8,PASS,1163,1020,2026-10-09T06:02:23.204Z,chrome 154.0.8037.99,true,cy.wait(1000) + 4000 ms assertion retry,
cypress,explicit_wait,retry,1000,9,PASS,1271,1059,2026-10-09T06:02:24.419Z,chrome 154.0.8037.99,true,cy.wait(1000) + 4000 ms assertion retry,
cypress,explicit_wait,retry,1000,10,PASS,1166,1035,2026-10-09T06:02:25.738Z,chrome 154.0.8037.99,true,cy.wait(1000) + 4000 ms assertion retry,
cypress,network_wait,retry,1000,1,PASS,1448,1039,2026-10-09T06:02:37.317Z,chrome 154.0.8037.99,true,cy.wait('@listLibrary') + 4000 ms assertion retry,
cypress,network_wait,retry,1000,2,PASS,1282,1063,2026-10-09T06:02:38.841Z,chrome 154.0.8037.99,true,cy.wait('@listLibrary') + 4000 ms assertion retry,
cypress,network_wait,retry,1000,3,PASS,1245,1038,2026-10-09T06:02:40.183Z,chrome 154.0.8037.99,true,cy.wait('@listLibrary') + 4000 ms assertion retry,
cypress,network_wait,retry,1000,4,PASS,1236,1040,2026-10-09T06:02:41.495Z,chrome 154.0.8037.99,true,cy.wait('@listLibrary') + 4000 ms assertion retry,
cypress,network_wait,retry,1000,5,PASS,1187,1027,2026-10-09T06:02:42.791Z,chrome 154.0.8037.99,true,cy.wait('@listLibrary') + 4000 ms assertion retry,
cypress,network_wait,retry,1000,6,PASS,1273,1030,2026-10-09T06:02:44.052Z,chrome 154.0.8037.99,true,cy.wait('@listLibrary') + 4000 ms assertion retry,
cypress,network_wait,retry,1000,7,PASS,1213,1039,2026-10-09T06:02:45.388Z,chrome 154.0.8037.99,true,cy.wait('@listLibrary') + 4000 ms assertion retry,
cypress,network_wait,retry,1000,8,PASS,1206,1048,2026-10-09T06:02:46.653Z,chrome 154.0.8037.99,true,cy.wait('@listLibrary') + 4000 ms assertion retry,
cypress,network_wait,retry,1000,9,PASS,1182,1033,2026-10-09T06:02:47.923Z,chrome 154.0.8037.99,true,cy.wait('@listLibrary') + 4000 ms assertion retry,
cypress,network_wait,retry,1000,10,PASS,1248,1045,2026-10-09T06:02:49.167Z,chrome 154.0.8037.99,true,cy.wait('@listLibrary') + 4000 ms assertion retry,
selenium,implicit_wait,strict,1500,1,PASS,1663,1512,2026-10-09T06:02:51.557Z,chrome 154.0.8037.99,true,implicit wait 5000 ms,
selenium,implicit_wait,strict,1500,2,PASS,1616,1517,2026-10-09T06:02:53.228Z,chrome 154.0.8037.99,true,implicit wait 5000 ms,
selenium,implicit_wait,strict,1500,3,PASS,1589,1511,2026-10-09T06:02:54.850Z,chrome 154.0.8037.99,true,implicit wait 5000 ms,
selenium,implicit_wait,strict,1500,4,PASS,1605,1516,2026-10-09T06:02:56.443Z,chrome 154.0.8037.99,true,implicit wait 5000 ms,
selenium,implicit_wait,strict,1500,5,PASS,1605,1519,2026-10-09T06:02:58.054Z,chrome 154.0.8037.99,true,implicit wait 5000 ms,
selenium,implicit_wait,strict,1500,6,PASS,1594,1503,2026-10-09T06:02:59.665Z,chrome 154.0.8037.99,true,implicit wait 5000 ms,
selenium,implicit_wait,strict,1500,7,PASS,1602,1505,2026-10-09T06:03:01.263Z,chrome 154.0.8037.99,true,implicit wait 5000 ms,
selenium,implicit_wait,strict,1500,8,PASS,1602,1520,2026-10-09T06:03:02.874Z,chrome 154.0.8037.99,true,implicit wait 5000 ms,
selenium,implicit_wait,strict,1500,9,PASS,1588,1504,2026-10-09T06:03:04.481Z,chrome 154.0.8037.99,true,implicit wait 5000 ms,
selenium,implicit_wait,strict,1500,10,PASS,1602,1512,2026-10-09T06:03:06.072Z,chrome 154.0.8037.99,true,implicit wait 5000 ms,
selenium,explicit_wait,strict,1500,1,PASS,1646,1504,2026-10-09T06:03:08.451Z,chrome 154.0.8037.99,true,WebDriverWait 10000 ms,
selenium,explicit_wait,strict,1500,2,PASS,1620,1531,2026-10-09T06:03:10.102Z,chrome 154.0.8037.99,true,WebDriverWait 10000 ms,
selenium,explicit_wait,strict,1500,3,PASS,1603,1508,2026-10-09T06:03:11.727Z,chrome 154.0.8037.99,true,WebDriverWait 10000 ms,
selenium,explicit_wait,strict,1500,4,PASS,1600,1517,2026-10-09T06:03:13.335Z,chrome 154.0.8037.99,true,WebDriverWait 10000 ms,
selenium,explicit_wait,strict,1500,5,PASS,1620,1505,2026-10-09T06:03:14.939Z,chrome 154.0.8037.99,true,WebDriverWait 10000 ms,
selenium,explicit_wait,strict,1500,6,PASS,1624,1505,2026-10-09T06:03:16.566Z,chrome 154.0.8037.99,true,WebDriverWait 10000 ms,
selenium,explicit_wait,strict,1500,7,PASS,1620,1510,2026-10-09T06:03:18.196Z,chrome 154.0.8037.99,true,WebDriverWait 10000 ms,
selenium,explicit_wait,strict,1500,8,PASS,1607,1520,2026-10-09T06:03:19.823Z,chrome 154.0.8037.99,true,WebDriverWait 10000 ms,
selenium,explicit_wait,strict,1500,9,PASS,1615,1518,2026-10-09T06:03:21.435Z,chrome 154.0.8037.99,true,WebDriverWait 10000 ms,
selenium,explicit_wait,strict,1500,10,PASS,1613,1507,2026-10-09T06:03:23.055Z,chrome 154.0.8037.99,true,WebDriverWait 10000 ms,
cypress,explicit_wait,strict,1500,1,FAIL,1396,,2026-10-09T06:03:34.729Z,chrome 154.0.8037.99,true,cy.wait(1000),Timed out retrying after 0ms: Expected to find content: 'Java Programming' within the selector: 'main *' but never did.
cypress,explicit_wait,strict,1500,2,FAIL,1186,,2026-10-09T06:03:36.208Z,chrome 154.0.8037.99,true,cy.wait(1000),Timed out retrying after 0ms: Expected to find content: 'Java Programming' within the selector: 'main *' but never did.
cypress,explicit_wait,strict,1500,3,FAIL,1156,,2026-10-09T06:03:37.469Z,chrome 154.0.8037.99,true,cy.wait(1000),Timed out retrying after 0ms: Expected to find content: 'Java Programming' within the selector: 'main *' but never did.
cypress,explicit_wait,strict,1500,4,FAIL,1141,,2026-10-09T06:03:38.704Z,chrome 154.0.8037.99,true,cy.wait(1000),Timed out retrying after 0ms: Expected to find content: 'Java Programming' within the selector: 'main *' but never did.
cypress,explicit_wait,strict,1500,5,FAIL,1152,,2026-10-09T06:03:39.960Z,chrome 154.0.8037.99,true,cy.wait(1000),Timed out retrying after 0ms: Expected to find content: 'Java Programming' within the selector: 'main *' but never did.
cypress,explicit_wait,strict,1500,6,FAIL,1143,,2026-10-09T06:03:41.193Z,chrome 154.0.8037.99,true,cy.wait(1000),Timed out retrying after 0ms: Expected to find content: 'Java Programming' within the selector: 'main *' but never did.
cypress,explicit_wait,strict,1500,7,FAIL,1145,,2026-10-09T06:03:42.424Z,chrome 154.0.8037.99,true,cy.wait(1000),Timed out retrying after 0ms: Expected to find content: 'Java Programming' within the selector: 'main *' but never did.
cypress,explicit_wait,strict,1500,8,FAIL,1167,,2026-10-09T06:03:43.683Z,chrome 154.0.8037.99,true,cy.wait(1000),Timed out retrying after 0ms: Expected to find content: 'Java Programming' within the selector: 'main *' but never did.
cypress,explicit_wait,strict,1500,9,FAIL,1184,,2026-10-09T06:03:44.961Z,chrome 154.0.8037.99,true,cy.wait(1000),Timed out retrying after 0ms: Expected to find content: 'Java Programming' within the selector: 'main *' but never did.
cypress,explicit_wait,strict,1500,10,FAIL,1141,,2026-10-09T06:03:46.257Z,chrome 154.0.8037.99,true,cy.wait(1000),Timed out retrying after 0ms: Expected to find content: 'Java Programming' within the selector: 'main *' but never did.
cypress,network_wait,strict,1500,1,PASS,1896,1545,2026-10-09T06:03:58.103Z,chrome 154.0.8037.99,true,cy.wait('@listLibrary') ≤10000 ms,
cypress,network_wait,strict,1500,2,PASS,1671,1521,2026-10-09T06:04:00.098Z,chrome 154.0.8037.99,true,cy.wait('@listLibrary') ≤10000 ms,
cypress,network_wait,strict,1500,3,PASS,1708,1549,2026-10-09T06:04:01.828Z,chrome 154.0.8037.99,true,cy.wait('@listLibrary') ≤10000 ms,
cypress,network_wait,strict,1500,4,PASS,1673,1531,2026-10-09T06:04:03.596Z,chrome 154.0.8037.99,true,cy.wait('@listLibrary') ≤10000 ms,
cypress,network_wait,strict,1500,5,PASS,1662,1523,2026-10-09T06:04:05.322Z,chrome 154.0.8037.99,true,cy.wait('@listLibrary') ≤10000 ms,
cypress,network_wait,strict,1500,6,PASS,1705,1519,2026-10-09T06:04:07.041Z,chrome 154.0.8037.99,true,cy.wait('@listLibrary') ≤10000 ms,
cypress,network_wait,strict,1500,7,PASS,1667,1528,2026-10-09T06:04:08.812Z,chrome 154.0.8037.99,true,cy.wait('@listLibrary') ≤10000 ms,
cypress,network_wait,strict,1500,8,PASS,1663,1524,2026-10-09T06:04:10.539Z,chrome 154.0.8037.99,true,cy.wait('@listLibrary') ≤10000 ms,
cypress,network_wait,strict,1500,9,PASS,1661,1519,2026-10-09T06:04:12.275Z,chrome 154.0.8037.99,true,cy.wait('@listLibrary') ≤10000 ms,
cypress,network_wait,strict,1500,10,PASS,1667,1528,2026-10-09T06:04:14.020Z,chrome 154.0.8037.99,true,cy.wait('@listLibrary') ≤10000 ms,
cypress,explicit_wait,retry,1500,1,PASS,1880,1546,2026-10-09T06:04:26.278Z,chrome 154.0.8037.99,true,cy.wait(1000) + 4000 ms assertion retry,
cypress,explicit_wait,retry,1500,2,PASS,1699,1525,2026-10-09T06:04:28.234Z,chrome 154.0.8037.99,true,cy.wait(1000) + 4000 ms assertion retry,
cypress,explicit_wait,retry,1500,3,PASS,1663,1522,2026-10-09T06:04:29.988Z,chrome 154.0.8037.99,true,cy.wait(1000) + 4000 ms assertion retry,
cypress,explicit_wait,retry,1500,4,PASS,1657,1526,2026-10-09T06:04:31.711Z,chrome 154.0.8037.99,true,cy.wait(1000) + 4000 ms assertion retry,
cypress,explicit_wait,retry,1500,5,PASS,1653,1524,2026-10-09T06:04:33.429Z,chrome 154.0.8037.99,true,cy.wait(1000) + 4000 ms assertion retry,
cypress,explicit_wait,retry,1500,6,PASS,1664,1522,2026-10-09T06:04:35.152Z,chrome 154.0.8037.99,true,cy.wait(1000) + 4000 ms assertion retry,
cypress,explicit_wait,retry,1500,7,PASS,1661,1517,2026-10-09T06:04:36.877Z,chrome 154.0.8037.99,true,cy.wait(1000) + 4000 ms assertion retry,
cypress,explicit_wait,retry,1500,8,PASS,1652,1521,2026-10-09T06:04:38.602Z,chrome 154.0.8037.99,true,cy.wait(1000) + 4000 ms assertion retry,
cypress,explicit_wait,retry,1500,9,PASS,1666,1519,2026-10-09T06:04:40.322Z,chrome 154.0.8037.99,true,cy.wait(1000) + 4000 ms assertion retry,
cypress,explicit_wait,retry,1500,10,PASS,1700,1523,2026-10-09T06:04:42.052Z,chrome 154.0.8037.99,true,cy.wait(1000) + 4000 ms assertion retry,
cypress,network_wait,retry,1500,1,PASS,1901,1527,2026-10-09T06:04:54.266Z,chrome 154.0.8037.99,true,cy.wait('@listLibrary') + 4000 ms assertion retry,
cypress,network_wait,retry,1500,2,PASS,1702,1546,2026-10-09T06:04:56.282Z,chrome 154.0.8037.99,true,cy.wait('@listLibrary') + 4000 ms assertion retry,
cypress,network_wait,retry,1500,3,PASS,1687,1545,2026-10-09T06:04:58.044Z,chrome 154.0.8037.99,true,cy.wait('@listLibrary') + 4000 ms assertion retry,
cypress,network_wait,retry,1500,4,PASS,1712,1534,2026-10-09T06:04:59.792Z,chrome 154.0.8037.99,true,cy.wait('@listLibrary') + 4000 ms assertion retry,
cypress,network_wait,retry,1500,5,PASS,1735,1535,2026-10-09T06:05:01.571Z,chrome 154.0.8037.99,true,cy.wait('@listLibrary') + 4000 ms assertion retry,
cypress,network_wait,retry,1500,6,PASS,1662,1527,2026-10-09T06:05:03.373Z,chrome 154.0.8037.99,true,cy.wait('@listLibrary') + 4000 ms assertion retry,
cypress,network_wait,retry,1500,7,PASS,1706,1546,2026-10-09T06:05:05.115Z,chrome 154.0.8037.99,true,cy.wait('@listLibrary') + 4000 ms assertion retry,
cypress,network_wait,retry,1500,8,PASS,1727,1560,2026-10-09T06:05:06.874Z,chrome 154.0.8037.99,true,cy.wait('@listLibrary') + 4000 ms assertion retry,
cypress,network_wait,retry,1500,9,PASS,1674,1542,2026-10-09T06:05:08.660Z,chrome 154.0.8037.99,true,cy.wait('@listLibrary') + 4000 ms assertion retry,
cypress,network_wait,retry,1500,10,PASS,1725,1550,2026-10-09T06:05:10.395Z,chrome 154.0.8037.99,true,cy.wait('@listLibrary') + 4000 ms assertion retry,
selenium,implicit_wait,strict,2000,1,PASS,2163,2010,2026-10-09T06:05:13.161Z,chrome 154.0.8037.99,true,implicit wait 5000 ms,
selenium,implicit_wait,strict,2000,2,PASS,2130,2016,2026-10-09T06:05:15.332Z,chrome 154.0.8037.99,true,implicit wait 5000 ms,
selenium,implicit_wait,strict,2000,3,PASS,2128,2012,2026-10-09T06:05:17.468Z,chrome 154.0.8037.99,true,implicit wait 5000 ms,
selenium,implicit_wait,strict,2000,4,PASS,2125,2011,2026-10-09T06:05:19.602Z,chrome 154.0.8037.99,true,implicit wait 5000 ms,
selenium,implicit_wait,strict,2000,5,PASS,2128,2012,2026-10-09T06:05:21.731Z,chrome 154.0.8037.99,true,implicit wait 5000 ms,
selenium,implicit_wait,strict,2000,6,PASS,2150,2012,2026-10-09T06:05:23.873Z,chrome 154.0.8037.99,true,implicit wait 5000 ms,
selenium,implicit_wait,strict,2000,7,PASS,2112,2015,2026-10-09T06:05:26.028Z,chrome 154.0.8037.99,true,implicit wait 5000 ms,
selenium,implicit_wait,strict,2000,8,PASS,2083,2011,2026-10-09T06:05:28.148Z,chrome 154.0.8037.99,true,implicit wait 5000 ms,
selenium,implicit_wait,strict,2000,9,PASS,2088,2006,2026-10-09T06:05:30.239Z,chrome 154.0.8037.99,true,implicit wait 5000 ms,
selenium,implicit_wait,strict,2000,10,PASS,2114,2004,2026-10-09T06:05:32.332Z,chrome 154.0.8037.99,true,implicit wait 5000 ms,
selenium,explicit_wait,strict,2000,1,PASS,2259,2002,2026-10-09T06:05:35.220Z,chrome 154.0.8037.99,true,WebDriverWait 10000 ms,
selenium,explicit_wait,strict,2000,2,PASS,2256,2007,2026-10-09T06:05:37.484Z,chrome 154.0.8037.99,true,WebDriverWait 10000 ms,
selenium,explicit_wait,strict,2000,3,PASS,2256,2014,2026-10-09T06:05:39.745Z,chrome 154.0.8037.99,true,WebDriverWait 10000 ms,
selenium,explicit_wait,strict,2000,4,PASS,2093,2010,2026-10-09T06:05:42.007Z,chrome 154.0.8037.99,true,WebDriverWait 10000 ms,
selenium,explicit_wait,strict,2000,5,PASS,2264,2013,2026-10-09T06:05:44.104Z,chrome 154.0.8037.99,true,WebDriverWait 10000 ms,
selenium,explicit_wait,strict,2000,6,PASS,2238,2015,2026-10-09T06:05:46.373Z,chrome 154.0.8037.99,true,WebDriverWait 10000 ms,
selenium,explicit_wait,strict,2000,7,PASS,2247,2018,2026-10-09T06:05:48.624Z,chrome 154.0.8037.99,true,WebDriverWait 10000 ms,
selenium,explicit_wait,strict,2000,8,PASS,2248,2005,2026-10-09T06:05:50.875Z,chrome 154.0.8037.99,true,WebDriverWait 10000 ms,
selenium,explicit_wait,strict,2000,9,PASS,2256,2016,2026-10-09T06:05:53.128Z,chrome 154.0.8037.99,true,WebDriverWait 10000 ms,
selenium,explicit_wait,strict,2000,10,PASS,2242,2008,2026-10-09T06:05:55.389Z,chrome 154.0.8037.99,true,WebDriverWait 10000 ms,
cypress,explicit_wait,strict,2000,1,FAIL,1399,,2026-10-09T06:06:07.938Z,chrome 154.0.8037.99,true,cy.wait(1000),Timed out retrying after 0ms: Expected to find content: 'Java Programming' within the selector: 'main *' but never did.
cypress,explicit_wait,strict,2000,2,FAIL,1185,,2026-10-09T06:06:09.423Z,chrome 154.0.8037.99,true,cy.wait(1000),Timed out retrying after 0ms: Expected to find content: 'Java Programming' within the selector: 'main *' but never did.
cypress,explicit_wait,strict,2000,3,FAIL,1159,,2026-10-09T06:06:10.687Z,chrome 154.0.8037.99,true,cy.wait(1000),Timed out retrying after 0ms: Expected to find content: 'Java Programming' within the selector: 'main *' but never did.
cypress,explicit_wait,strict,2000,4,FAIL,1153,,2026-10-09T06:06:11.923Z,chrome 154.0.8037.99,true,cy.wait(1000),Timed out retrying after 0ms: Expected to find content: 'Java Programming' within the selector: 'main *' but never did.
cypress,explicit_wait,strict,2000,5,FAIL,1129,,2026-10-09T06:06:13.194Z,chrome 154.0.8037.99,true,cy.wait(1000),Timed out retrying after 0ms: Expected to find content: 'Java Programming' within the selector: 'main *' but never did.
cypress,explicit_wait,strict,2000,6,FAIL,1136,,2026-10-09T06:06:14.406Z,chrome 154.0.8037.99,true,cy.wait(1000),Timed out retrying after 0ms: Expected to find content: 'Java Programming' within the selector: 'main *' but never did.
cypress,explicit_wait,strict,2000,7,FAIL,1155,,2026-10-09T06:06:15.628Z,chrome 154.0.8037.99,true,cy.wait(1000),Timed out retrying after 0ms: Expected to find content: 'Java Programming' within the selector: 'main *' but never did.
cypress,explicit_wait,strict,2000,8,FAIL,1138,,2026-10-09T06:06:16.872Z,chrome 154.0.8037.99,true,cy.wait(1000),Timed out retrying after 0ms: Expected to find content: 'Java Programming' within the selector: 'main *' but never did.
cypress,explicit_wait,strict,2000,9,FAIL,1151,,2026-10-09T06:06:18.107Z,chrome 154.0.8037.99,true,cy.wait(1000),Timed out retrying after 0ms: Expected to find content: 'Java Programming' within the selector: 'main *' but never did.
cypress,explicit_wait,strict,2000,10,FAIL,1165,,2026-10-09T06:06:19.368Z,chrome 154.0.8037.99,true,cy.wait(1000),Timed out retrying after 0ms: Expected to find content: 'Java Programming' within the selector: 'main *' but never did.
cypress,network_wait,strict,2000,1,FAIL,2424,2041,2026-10-09T06:06:31.102Z,chrome 154.0.8037.99,true,cy.wait('@listLibrary') ≤10000 ms,Timed out retrying after 0ms: Expected to find content: 'Java Programming' within the selector: 'main *' but never did.
cypress,network_wait,strict,2000,2,PASS,2284,2046,2026-10-09T06:06:33.628Z,chrome 154.0.8037.99,true,cy.wait('@listLibrary') ≤10000 ms,
cypress,network_wait,strict,2000,3,PASS,2227,2053,2026-10-09T06:06:35.989Z,chrome 154.0.8037.99,true,cy.wait('@listLibrary') ≤10000 ms,
cypress,network_wait,strict,2000,4,PASS,2173,2023,2026-10-09T06:06:38.293Z,chrome 154.0.8037.99,true,cy.wait('@listLibrary') ≤10000 ms,
cypress,network_wait,strict,2000,5,PASS,2233,2059,2026-10-09T06:06:40.539Z,chrome 154.0.8037.99,true,cy.wait('@listLibrary') ≤10000 ms,
cypress,network_wait,strict,2000,6,PASS,2213,2033,2026-10-09T06:06:42.836Z,chrome 154.0.8037.99,true,cy.wait('@listLibrary') ≤10000 ms,
cypress,network_wait,strict,2000,7,PASS,2170,2029,2026-10-09T06:06:45.114Z,chrome 154.0.8037.99,true,cy.wait('@listLibrary') ≤10000 ms,
cypress,network_wait,strict,2000,8,FAIL,2268,2065,2026-10-09T06:06:47.338Z,chrome 154.0.8037.99,true,cy.wait('@listLibrary') ≤10000 ms,Timed out retrying after 0ms: Expected to find content: 'Java Programming' within the selector: 'main *' but never did.
cypress,network_wait,strict,2000,9,PASS,2180,2031,2026-10-09T06:06:49.670Z,chrome 154.0.8037.99,true,cy.wait('@listLibrary') ≤10000 ms,
cypress,network_wait,strict,2000,10,PASS,2154,2020,2026-10-09T06:06:51.930Z,chrome 154.0.8037.99,true,cy.wait('@listLibrary') ≤10000 ms,
cypress,explicit_wait,retry,2000,1,PASS,2350,2021,2026-10-09T06:07:04.705Z,chrome 154.0.8037.99,true,cy.wait(1000) + 4000 ms assertion retry,
cypress,explicit_wait,retry,2000,2,PASS,2268,2036,2026-10-09T06:07:07.132Z,chrome 154.0.8037.99,true,cy.wait(1000) + 4000 ms assertion retry,
cypress,explicit_wait,retry,2000,3,PASS,2196,2023,2026-10-09T06:07:09.454Z,chrome 154.0.8037.99,true,cy.wait(1000) + 4000 ms assertion retry,
cypress,explicit_wait,retry,2000,4,PASS,2172,2028,2026-10-09T06:07:11.717Z,chrome 154.0.8037.99,true,cy.wait(1000) + 4000 ms assertion retry,
cypress,explicit_wait,retry,2000,5,PASS,2202,2028,2026-10-09T06:07:13.939Z,chrome 154.0.8037.99,true,cy.wait(1000) + 4000 ms assertion retry,
cypress,explicit_wait,retry,2000,6,PASS,2198,2034,2026-10-09T06:07:16.194Z,chrome 154.0.8037.99,true,cy.wait(1000) + 4000 ms assertion retry,
cypress,explicit_wait,retry,2000,7,PASS,2166,2025,2026-10-09T06:07:18.479Z,chrome 154.0.8037.99,true,cy.wait(1000) + 4000 ms assertion retry,
cypress,explicit_wait,retry,2000,8,PASS,2132,2014,2026-10-09T06:07:20.702Z,chrome 154.0.8037.99,true,cy.wait(1000) + 4000 ms assertion retry,
cypress,explicit_wait,retry,2000,9,PASS,2219,2037,2026-10-09T06:07:22.884Z,chrome 154.0.8037.99,true,cy.wait(1000) + 4000 ms assertion retry,
cypress,explicit_wait,retry,2000,10,PASS,2198,2024,2026-10-09T06:07:25.167Z,chrome 154.0.8037.99,true,cy.wait(1000) + 4000 ms assertion retry,
cypress,network_wait,retry,2000,1,PASS,2420,2056,2026-10-09T06:07:38.988Z,chrome 154.0.8037.99,true,cy.wait('@listLibrary') + 4000 ms assertion retry,
cypress,network_wait,retry,2000,2,PASS,2272,2064,2026-10-09T06:07:41.511Z,chrome 154.0.8037.99,true,cy.wait('@listLibrary') + 4000 ms assertion retry,
cypress,network_wait,retry,2000,3,PASS,2238,2053,2026-10-09T06:07:43.853Z,chrome 154.0.8037.99,true,cy.wait('@listLibrary') + 4000 ms assertion retry,
cypress,network_wait,retry,2000,4,PASS,2174,2036,2026-10-09T06:07:46.157Z,chrome 154.0.8037.99,true,cy.wait('@listLibrary') + 4000 ms assertion retry,
cypress,network_wait,retry,2000,5,PASS,2209,2035,2026-10-09T06:07:48.385Z,chrome 154.0.8037.99,true,cy.wait('@listLibrary') + 4000 ms assertion retry,
cypress,network_wait,retry,2000,6,PASS,2235,2052,2026-10-09T06:07:50.682Z,chrome 154.0.8037.99,true,cy.wait('@listLibrary') + 4000 ms assertion retry,
cypress,network_wait,retry,2000,7,PASS,2173,2040,2026-10-09T06:07:52.990Z,chrome 154.0.8037.99,true,cy.wait('@listLibrary') + 4000 ms assertion retry,
cypress,network_wait,retry,2000,8,PASS,2264,2061,2026-10-09T06:07:55.232Z,chrome 154.0.8037.99,true,cy.wait('@listLibrary') + 4000 ms assertion retry,
cypress,network_wait,retry,2000,9,PASS,2229,2048,2026-10-09T06:07:57.553Z,chrome 154.0.8037.99,true,cy.wait('@listLibrary') + 4000 ms assertion retry,
cypress,network_wait,retry,2000,10,PASS,2187,2038,2026-10-09T06:07:59.848Z,chrome 154.0.8037.99,true,cy.wait('@listLibrary') + 4000 ms assertion retry,
