framework,strategy,check_mode,latency_ms,runs,passed,failed,breakage_rate,mean_ms,median_ms,sd_ms,min_ms,max_ms,mean_pass_ms
selenium,implicit_wait,strict,0,10,10,0,0,415,404,26,391,481,415
selenium,explicit_wait,strict,0,10,10,0,0,538,531,26,515,604,538
cypress,explicit_wait,strict,0,10,10,0,0,1171,1153,57,1133,1324,1171
cypress,network_wait,strict,0,10,0,10,1,235,218,67,165,404,
cypress,explicit_wait,retry,0,10,10,0,0,1167,1151,62,1113,1325,1167
cypress,network_wait,retry,0,10,10,0,0,496,469,82,438,719,496
selenium,implicit_wait,strict,500,10,10,0,0,622,616,31,591,702,622
selenium,explicit_wait,strict,500,10,10,0,0,742,735,34,715,835,742
cypress,explicit_wait,strict,500,10,10,0,0,1153,1136,60,1106,1308,1153
cypress,network_wait,strict,500,10,8,2,0.2,731,706,78,671,929,726
cypress,explicit_wait,retry,500,10,10,0,0,1164,1153,65,1104,1337,1164
cypress,network_wait,retry,500,10,10,0,0,735,713,76,658,904,735
selenium,implicit_wait,strict,1000,10,10,0,0,1123,1125,32,1083,1199,1123
selenium,explicit_wait,strict,1000,10,10,0,0,1181,1178,15,1165,1220,1181
cypress,explicit_wait,strict,1000,10,0,10,1,1181,1152,75,1139,1381,
cypress,network_wait,strict,1000,10,9,1,0.1,1229,1215,72,1157,1407,1234
cypress,explicit_wait,retry,1000,10,10,0,0,1210,1186,76,1152,1404,1210
cypress,network_wait,retry,1000,10,10,0,0,1252,1241,77,1182,1448,1252
selenium,implicit_wait,strict,1500,10,10,0,0,1607,1602,21,1588,1663,1607
selenium,explicit_wait,strict,1500,10,10,0,0,1617,1618,13,1600,1646,1617
cypress,explicit_wait,strict,1500,10,0,10,1,1181,1154,77,1141,1396,
cypress,network_wait,strict,1500,10,10,0,0,1697,1669,72,1661,1896,1697
cypress,explicit_wait,retry,1500,10,10,0,0,1690,1664,69,1652,1880,1690
cypress,network_wait,retry,1500,10,10,0,0,1723,1709,67,1662,1901,1723
selenium,implicit_wait,strict,2000,10,10,0,0,2122,2127,25,2083,2163,2122
selenium,explicit_wait,strict,2000,10,10,0,0,2236,2252,51,2093,2264,2236
cypress,explicit_wait,strict,2000,10,0,10,1,1177,1154,80,1129,1399,
cypress,network_wait,strict,2000,10,8,2,0.2,2233,2220,80,2154,2424,2204
cypress,explicit_wait,retry,2000,10,10,0,0,2210,2198,61,2132,2350,2210
cypress,network_wait,retry,2000,10,10,0,0,2240,2232,72,2173,2420,2240
